{"cameraMode":{"drawMode":0,"name":"Shaded","section":"Shading Mode"},"sceneLighting":false,"audioPlay":false,"sceneViewState":{"showFog":true,"showMaterialUpdate":false,"showSkybox":true,"showFlares":true,"showImageEffects":true,"showParticleSystems":true},"in2DMode":false,"pivot":{"x":17.396814346313478,"y":-3.7429676055908205,"z":-22.11304473876953},"rotation":{"x":-0.2783791422843933,"y":0.03655112534761429,"z":-0.010725968517363072,"w":-0.9597572684288025},"size":5.341242790222168,"orthographic":false}